{"cameraMode":{"drawMode":0,"name":"Shaded","section":"Shading Mode"},"sceneLighting":true,"audioPlay":false,"sceneViewState":{"showFog":false,"showMaterialUpdate":false,"showSkybox":false,"showFlares":false,"showImageEffects":false,"showParticleSystems":false},"in2DMode":false,"pivot":{"x":-4.696363925933838,"y":0.6241419911384583,"z":14.599611282348633},"rotation":{"x":0.012941925786435604,"y":0.6948091387748718,"z":-0.01250832062214613,"w":0.7189865708351135},"size":4.239541530609131,"orthographic":false}